{
  "age": 43.35328767123288,
  "avg_glucose_level": 106.31716731898237,
  "bmi": 28.922179683512
}
